{
  "type": "minecraft:fishing",
  "pools": [
    {
      "bonus_rolls": 0.0,
      "entries": [
        {
          "type": "minecraft:loot_table",
          "name": "bigfishmod:gameplay/fishing/treasure",
          "quality": 2,
          "weight": 5
        },
        {
          "type": "minecraft:loot_table",
          "name": "bigfishmod:gameplay/fishing/junk",
          "quality": -2,
          "weight": 10
        },
        {
          "type": "minecraft:loot_table",
          "name": "bigfishmod:gameplay/fishing/fish",
          "quality": -1,
          "weight": 85
        }
      ],
      "name": "main",
      "rolls": 1.0
    }
  ],
  "random_sequence": "minecraft:gameplay/fishing"
}