{
  "parent": "minecraft:recipes/root",
  "criteria": {
    "has_sailfish_steak": {
      "conditions": {
        "items": [
          {
            "items": [
              "bigfishmod:sailfish_steak"
            ]
          }
        ]
      },
      "trigger": "minecraft:inventory_changed"
    },
    "has_the_recipe": {
      "conditions": {
        "recipe": "minecraft:cooked_sailfish_steak_from_smelting_sailfish_steak"
      },
      "trigger": "minecraft:recipe_unlocked"
    }
  },
  "requirements": [
    [
      "has_sailfish_steak",
      "has_the_recipe"
    ]
  ],
  "rewards": {
    "recipes": [
      "minecraft:cooked_sailfish_steak_from_smelting_sailfish_steak"
    ]
  },
  "sends_telemetry_event": false
}