{
  "parent": "minecraft:recipes/root",
  "criteria": {
    "has_perch_fillet": {
      "conditions": {
        "items": [
          {
            "items": [
              "bigfishmod:perch_fillet"
            ]
          }
        ]
      },
      "trigger": "minecraft:inventory_changed"
    },
    "has_the_recipe": {
      "conditions": {
        "recipe": "minecraft:cooked_perch_fillet_from_smoking_perch_fillet"
      },
      "trigger": "minecraft:recipe_unlocked"
    }
  },
  "requirements": [
    [
      "has_perch_fillet",
      "has_the_recipe"
    ]
  ],
  "rewards": {
    "recipes": [
      "minecraft:cooked_perch_fillet_from_smoking_perch_fillet"
    ]
  },
  "sends_telemetry_event": false
}