{
  "parent": "minecraft:recipes/root",
  "criteria": {
    "has_prime_tuna_meat": {
      "conditions": {
        "items": [
          {
            "items": [
              "bigfishmod:prime_tuna_meat"
            ]
          }
        ]
      },
      "trigger": "minecraft:inventory_changed"
    },
    "has_the_recipe": {
      "conditions": {
        "recipe": "minecraft:cooked_premium_tuna_meat_from_smelting_prime_tuna_meat"
      },
      "trigger": "minecraft:recipe_unlocked"
    }
  },
  "requirements": [
    [
      "has_prime_tuna_meat",
      "has_the_recipe"
    ]
  ],
  "rewards": {
    "recipes": [
      "minecraft:cooked_premium_tuna_meat_from_smelting_prime_tuna_meat"
    ]
  },
  "sends_telemetry_event": false
}