{
  "parent": "minecraft:recipes/root",
  "criteria": {
    "has_fish_fillet_a": {
      "conditions": {
        "items": [
          {
            "items": [
              "bigfishmod:fish_fillet_a"
            ]
          }
        ]
      },
      "trigger": "minecraft:inventory_changed"
    },
    "has_the_recipe": {
      "conditions": {
        "recipe": "minecraft:cooked_fish_fillet_a_from_smoking_fish_fillet_a"
      },
      "trigger": "minecraft:recipe_unlocked"
    }
  },
  "requirements": [
    [
      "has_fish_fillet_a",
      "has_the_recipe"
    ]
  ],
  "rewards": {
    "recipes": [
      "minecraft:cooked_fish_fillet_a_from_smoking_fish_fillet_a"
    ]
  },
  "sends_telemetry_event": false
}