{
  "type": "minecraft:block",
  "pools": [
    {
      "bonus_rolls": 0.0,
      "entries": [
        {
          "type": "minecraft:item",
          "conditions": [
            {
              "block": "bigfishmod:corn_crop",
              "condition": "minecraft:block_state_property",
              "properties": {
                "age": "6"
              }
            }
          ],
          "functions": [
            {
              "add": false,
              "count": {
                "type": "minecraft:uniform",
                "max": 3.0,
                "min": 1.0
              },
              "function": "minecraft:set_count"
            },
            {
              "enchantment": "minecraft:fortune",
              "formula": "minecraft:binomial_with_bonus_count",
              "function": "minecraft:apply_bonus",
              "parameters": {
                "extra": 2,
                "probability": 0.57
              }
            }
          ],
          "name": "bigfishmod:corn"
        }
      ],
      "rolls": 1.0
    }
  ],
  "random_sequence": "bigfishmod:blocks/corn_crop"
}