{
  "parent": "minecraft:recipes/root",
  "criteria": {
    "has_putrid_gland": {
      "conditions": {
        "items": [
          {
            "items": [
              "bigfishmod:putrid_gland"
            ]
          }
        ]
      },
      "trigger": "minecraft:inventory_changed"
    },
    "has_the_recipe": {
      "conditions": {
        "recipe": "bigfishmod:concentrated_pheromoner_biological"
      },
      "trigger": "minecraft:recipe_unlocked"
    }
  },
  "requirements": [
    [
      "has_putrid_gland",
      "has_the_recipe"
    ]
  ],
  "rewards": {
    "recipes": [
      "bigfishmod:concentrated_pheromoner_biological"
    ]
  },
  "sends_telemetry_event": false
}