{
  "parent": "minecraft:recipes/root",
  "criteria": {
    "has_golden_scales": {
      "conditions": {
        "items": [
          {
            "items": [
              "bigfishmod:carbon_fibre"
            ]
          }
        ]
      },
      "trigger": "minecraft:inventory_changed"
    },
    "has_the_recipe": {
      "conditions": {
        "recipe": "bigfishmod:fish_box_luxury"
      },
      "trigger": "minecraft:recipe_unlocked"
    }
  },
  "requirements": [
    [
      "has_golden_scales",
      "has_the_recipe"
    ]
  ],
  "rewards": {
    "recipes": [
      "bigfishmod:fish_box_luxury"
    ]
  },
  "sends_telemetry_event": false
}