{
  "parent": "minecraft:recipes/root",
  "criteria": {
    "has_graphite_block": {
      "conditions": {
        "items": [
          {
            "items": [
              "bigfishmod:graphite_block"
            ]
          }
        ]
      },
      "trigger": "minecraft:inventory_changed"
    },
    "has_the_recipe": {
      "conditions": {
        "recipe": "bigfishmod:graphite_block_from_items"
      },
      "trigger": "minecraft:recipe_unlocked"
    }
  },
  "requirements": [
    [
      "has_graphite_block",
      "has_the_recipe"
    ]
  ],
  "rewards": {
    "recipes": [
      "bigfishmod:graphite_block_from_items"
    ]
  },
  "sends_telemetry_event": false
}