{
  "parent": "minecraft:recipes/root",
  "criteria": {
    "has_piranha_trophy": {
      "conditions": {
        "items": [
          {
            "items": [
              "bigfishmod:piranha"
            ]
          }
        ]
      },
      "trigger": "minecraft:inventory_changed"
    },
    "has_the_recipe": {
      "conditions": {
        "recipe": "bigfishmod:piranha_bucket_from_trophy"
      },
      "trigger": "minecraft:recipe_unlocked"
    }
  },
  "requirements": [
    [
      "has_piranha_trophy",
      "has_the_recipe"
    ]
  ],
  "rewards": {
    "recipes": [
      "bigfishmod:piranha_bucket_from_trophy"
    ]
  },
  "sends_telemetry_event": false
}