{
  "parent": "minecraft:recipes/root",
  "criteria": {
    "has_sardine_trophy": {
      "conditions": {
        "items": [
          {
            "items": [
              "bigfishmod:sardine"
            ]
          }
        ]
      },
      "trigger": "minecraft:inventory_changed"
    },
    "has_the_recipe": {
      "conditions": {
        "recipe": "bigfishmod:sardine_wooden_bucket_from_trophy"
      },
      "trigger": "minecraft:recipe_unlocked"
    },
    "has_wooden_bucket": {
      "conditions": {
        "items": [
          {
            "items": [
              "bigfishmod:wooden_bucket"
            ]
          }
        ]
      },
      "trigger": "minecraft:inventory_changed"
    }
  },
  "requirements": [
    [
      "has_sardine_trophy",
      "has_wooden_bucket",
      "has_the_recipe"
    ]
  ],
  "rewards": {
    "recipes": [
      "bigfishmod:sardine_wooden_bucket_from_trophy"
    ]
  },
  "sends_telemetry_event": false
}