{
  "parent": "minecraft:recipes/root",
  "criteria": {
    "has_grass_carp_bucket": {
      "conditions": {
        "items": [
          {
            "items": [
              "bigfishmod:grass_carp_bucket"
            ]
          }
        ]
      },
      "trigger": "minecraft:inventory_changed"
    },
    "has_the_recipe": {
      "conditions": {
        "recipe": "bigfishmod:trophy_from_grass_carp_bucket"
      },
      "trigger": "minecraft:recipe_unlocked"
    }
  },
  "requirements": [
    [
      "has_grass_carp_bucket",
      "has_the_recipe"
    ]
  ],
  "rewards": {
    "recipes": [
      "bigfishmod:trophy_from_grass_carp_bucket"
    ]
  },
  "sends_telemetry_event": false
}