{
  "parent": "minecraft:recipes/root",
  "criteria": {
    "has_mekong_giant_catfish_wooden_bucket": {
      "conditions": {
        "items": [
          {
            "items": [
              "bigfishmod:giant_catfish_wooden"
            ]
          }
        ]
      },
      "trigger": "minecraft:inventory_changed"
    },
    "has_the_recipe": {
      "conditions": {
        "recipe": "bigfishmod:trophy_from_mekong_giant_catfish_wooden_bucket"
      },
      "trigger": "minecraft:recipe_unlocked"
    }
  },
  "requirements": [
    [
      "has_mekong_giant_catfish_wooden_bucket",
      "has_the_recipe"
    ]
  ],
  "rewards": {
    "recipes": [
      "bigfishmod:trophy_from_mekong_giant_catfish_wooden_bucket"
    ]
  },
  "sends_telemetry_event": false
}