{
  "type": "minecraft:fishing",
  "pools": [
    {
      "bonus_rolls": 0.0,
      "entries": [
        {
          "type": "minecraft:item",
          "name": "minecraft:salmon",
          "weight": 40
        },
        {
          "type": "minecraft:item",
          "functions": [
            {
              "function": "minecraft:set_nbt",
              "tag": "{Attributes:{LuckBase:10.0f,LuckGrowth:0.17357329f,PerceptionBase:12.0f,PerceptionGrowth:0.2669399f,StamBase:13.0f,StamGrowth:0.15331465f,StrBase:10.0f,StrGrowth:0.58611435f,WeightBase:1.0724745f,WeightGrowth:0.16376929f},FishLevel:1,FishMaxLevel:21,FishScale:0.25f,MaxLevelCapBackup:21,MaxLevelCapSet:1b}"
            }
          ],
          "name": "bigfishmod:haddock",
          "weight": 45
        },
        {
          "type": "minecraft:item",
          "functions": [
            {
              "function": "minecraft:set_nbt",
              "tag": "{Attributes:{LuckBase:4.0f,LuckGrowth:0.25602213f,PerceptionBase:10.0f,PerceptionGrowth:0.4475377f,StamBase:10.0f,StamGrowth:0.3460738f,StrBase:9.0f,StrGrowth:0.52569443f,WeightBase:2.348175f,WeightGrowth:0.22645089f},FishLevel:38,FishMaxLevel:39,FishScale:2.0f,MaxLevelCapBackup:39,MaxLevelCapSet:1b}"
            }
          ],
          "name": "bigfishmod:atlantic_bluefin_tuna",
          "weight": 10
        }
      ],
      "rolls": 1.0
    }
  ],
  "random_sequence": "bigfishmod:gameplay/fishing/cold_ocean_fish"
}