{
  "type": "minecraft:fishing",
  "pools": [
    {
      "bonus_rolls": 0.0,
      "entries": [
        {
          "type": "minecraft:item",
          "functions": [
            {
              "function": "minecraft:set_nbt",
              "tag": "{Attributes:{LuckBase:9.0f,LuckGrowth:0.21960425f,PerceptionBase:10.0f,PerceptionGrowth:0.3420291f,StamBase:11.0f,StamGrowth:0.23418488f,StrBase:10.0f,StrGrowth:0.5618326f,WeightBase:1.5725706f,WeightGrowth:0.2425619f},FishLevel:19,FishMaxLevel:39,FishScale:1.0f,MaxLevelCapBackup:39,MaxLevelCapSet:1b}"
            }
          ],
          "name": "bigfishmod:lanternfish",
          "weight": 30
        },
        {
          "type": "minecraft:item",
          "functions": [
            {
              "function": "minecraft:set_nbt",
              "tag": "{Attributes:{LuckBase:13.0f,LuckGrowth:0.4721151f,PerceptionBase:7.0f,PerceptionGrowth:0.33439517f,StamBase:9.0f,StamGrowth:0.15079871f,StrBase:8.0f,StrGrowth:0.34981656f,WeightBase:2.4185317f,WeightGrowth:0.3813889f},FishLevel:17,FishMaxLevel:39,FishScale:1.0f,MaxLevelCapBackup:39,MaxLevelCapSet:1b}"
            }
          ],
          "name": "bigfishmod:atlantic_bluefin_tuna",
          "weight": 15
        },
        {
          "type": "minecraft:item",
          "functions": [
            {
              "function": "minecraft:set_nbt",
              "tag": "{Attributes:{LuckBase:8.0f,LuckGrowth:0.1072259f,PerceptionBase:6.0f,PerceptionGrowth:0.49787983f,StamBase:6.0f,StamGrowth:0.2930386f,StrBase:13.0f,StrGrowth:0.20288055f,WeightBase:2.1737661f,WeightGrowth:0.39518067f},FishLevel:35,FishMaxLevel:48,FishScale:2.0f,MaxLevelCapBackup:48,MaxLevelCapSet:1b}"
            }
          ],
          "name": "bigfishmod:mekong_giant_catfish",
          "weight": 3
        }
      ],
      "rolls": 1.0
    }
  ],
  "random_sequence": "bigfishmod:gameplay/fishing/deep_ocean_fish"
}