{
  "type": "minecraft:fishing",
  "pools": [
    {
      "bonus_rolls": 0.0,
      "entries": [
        {
          "type": "minecraft:item",
          "name": "minecraft:cod",
          "weight": 30
        },
        {
          "type": "minecraft:item",
          "name": "minecraft:salmon",
          "weight": 15
        },
        {
          "type": "minecraft:item",
          "name": "minecraft:tropical_fish",
          "weight": 2
        },
        {
          "type": "minecraft:item",
          "name": "minecraft:pufferfish",
          "weight": 8
        },
        {
          "type": "minecraft:loot_table",
          "name": "bigfishmod:gameplay/fishing/mod_fish",
          "weight": 150
        }
      ],
      "rolls": 1.0
    }
  ],
  "random_sequence": "bigfishmod:gameplay/fishing/fish"
}