{
  "type": "minecraft:fishing",
  "pools": [
    {
      "bonus_rolls": 0.0,
      "entries": [
        {
          "type": "minecraft:item",
          "functions": [
            {
              "function": "minecraft:set_nbt",
              "tag": "{Attributes:{LuckBase:11.0f,LuckGrowth:0.52717423f,PerceptionBase:13.0f,PerceptionGrowth:0.31988662f,StamBase:6.0f,StamGrowth:0.249417f,StrBase:13.0f,StrGrowth:0.20989497f,WeightBase:2.1553087f,WeightGrowth:0.23195532f},FishLevel:8,FishMaxLevel:36,FishScale:0.5f,MaxLevelCapBackup:36,MaxLevelCapSet:1b}"
            }
          ],
          "name": "bigfishmod:piranha",
          "weight": 30
        },
        {
          "type": "minecraft:item",
          "functions": [
            {
              "function": "minecraft:set_nbt",
              "tag": "{Attributes:{LuckBase:7.0f,LuckGrowth:0.27320972f,PerceptionBase:8.0f,PerceptionGrowth:0.4933532f,StamBase:9.0f,StamGrowth:0.3788824f,StrBase:9.0f,StrGrowth:0.2582777f,WeightBase:1.917931f,WeightGrowth:0.11516783f},FishLevel:9,FishMaxLevel:36,FishScale:0.5f,MaxLevelCapBackup:36,MaxLevelCapSet:1b}"
            }
          ],
          "name": "bigfishmod:archer_fish",
          "weight": 25
        },
        {
          "type": "minecraft:item",
          "functions": [
            {
              "function": "minecraft:set_nbt",
              "tag": "{Attributes:{LuckBase:10.0f,LuckGrowth:0.5864688f,PerceptionBase:10.0f,PerceptionGrowth:0.5371133f,StamBase:9.0f,StamGrowth:0.3637951f,StrBase:9.0f,StrGrowth:0.38842297f,WeightBase:2.1137176f,WeightGrowth:0.15583116f},FishLevel:3,FishMaxLevel:23,FishScale:0.25f,MaxLevelCapBackup:23,MaxLevelCapSet:1b}"
            }
          ],
          "name": "bigfishmod:guppy",
          "weight": 40
        },
        {
          "type": "minecraft:item",
          "functions": [
            {
              "function": "minecraft:set_nbt",
              "tag": "{Attributes:{LuckBase:11.0f,LuckGrowth:0.16354188f,PerceptionBase:5.0f,PerceptionGrowth:0.4290622f,StamBase:9.0f,StamGrowth:0.17031485f,StrBase:11.0f,StrGrowth:0.5877542f,WeightBase:2.0643928f,WeightGrowth:0.10509317f},FishLevel:20,FishMaxLevel:36,FishScale:1.25f,MaxLevelCapBackup:36,MaxLevelCapSet:1b}"
            }
          ],
          "name": "bigfishmod:siamese_fighting_fish",
          "weight": 20
        },
        {
          "type": "minecraft:item",
          "functions": [
            {
              "function": "minecraft:set_nbt",
              "tag": "{Attributes:{LuckBase:7.0f,LuckGrowth:0.31343603f,PerceptionBase:7.0f,PerceptionGrowth:0.4751735f,StamBase:6.0f,StamGrowth:0.16107547f,StrBase:13.0f,StrGrowth:0.45244515f,WeightBase:0.6018388f,WeightGrowth:0.14869529f},FishLevel:36,FishMaxLevel:42,FishScale:2.0f,MaxLevelCapBackup:42,MaxLevelCapSet:1b}"
            }
          ],
          "name": "bigfishmod:mekong_giant_catfish",
          "weight": 2
        }
      ],
      "rolls": 1.0
    }
  ],
  "random_sequence": "bigfishmod:gameplay/fishing/jungle_fish"
}