{
  "type": "minecraft:fishing",
  "pools": [
    {
      "bonus_rolls": 0.0,
      "entries": [
        {
          "type": "minecraft:item",
          "name": "minecraft:bowl",
          "weight": 10
        },
        {
          "type": "minecraft:item",
          "name": "minecraft:fishing_rod",
          "weight": 2
        },
        {
          "type": "minecraft:item",
          "name": "minecraft:leather",
          "weight": 10
        },
        {
          "type": "minecraft:item",
          "name": "minecraft:leather_boots",
          "weight": 10
        },
        {
          "type": "minecraft:item",
          "name": "minecraft:rotten_flesh",
          "weight": 10
        },
        {
          "type": "minecraft:item",
          "name": "minecraft:stick",
          "weight": 5
        },
        {
          "type": "minecraft:item",
          "name": "minecraft:string",
          "weight": 5
        },
        {
          "type": "minecraft:item",
          "name": "minecraft:potion",
          "weight": 10
        },
        {
          "type": "minecraft:item",
          "name": "minecraft:bone",
          "weight": 10
        },
        {
          "type": "minecraft:item",
          "name": "minecraft:ink_sac"
        },
        {
          "type": "minecraft:item",
          "name": "minecraft:tripwire_hook",
          "weight": 10
        },
        {
          "type": "minecraft:item",
          "name": "minecraft:lily_pad",
          "weight": 17
        }
      ],
      "rolls": 1.0
    }
  ],
  "random_sequence": "bigfishmod:gameplay/fishing/junk"
}