{
  "type": "minecraft:fishing",
  "pools": [
    {
      "bonus_rolls": 0.0,
      "entries": [
        {
          "type": "minecraft:loot_table",
          "conditions": [
            {
              "condition": "minecraft:location_check",
              "predicate": {
                "biome": "minecraft:river"
              }
            }
          ],
          "name": "bigfishmod:gameplay/fishing/river_fish"
        },
        {
          "type": "minecraft:loot_table",
          "conditions": [
            {
              "condition": "minecraft:location_check",
              "predicate": {
                "biome": "minecraft:frozen_river"
              }
            }
          ],
          "name": "bigfishmod:gameplay/fishing/river_fish"
        },
        {
          "type": "minecraft:loot_table",
          "conditions": [
            {
              "condition": "minecraft:location_check",
              "predicate": {
                "biome": "minecraft:ocean"
              }
            }
          ],
          "name": "bigfishmod:gameplay/fishing/ocean_fish"
        },
        {
          "type": "minecraft:loot_table",
          "conditions": [
            {
              "condition": "minecraft:location_check",
              "predicate": {
                "biome": "minecraft:warm_ocean"
              }
            }
          ],
          "name": "bigfishmod:gameplay/fishing/ocean_fish"
        },
        {
          "type": "minecraft:loot_table",
          "conditions": [
            {
              "condition": "minecraft:location_check",
              "predicate": {
                "biome": "minecraft:lukewarm_ocean"
              }
            }
          ],
          "name": "bigfishmod:gameplay/fishing/ocean_fish"
        },
        {
          "type": "minecraft:loot_table",
          "conditions": [
            {
              "condition": "minecraft:location_check",
              "predicate": {
                "biome": "minecraft:cold_ocean"
              }
            }
          ],
          "name": "bigfishmod:gameplay/fishing/cold_ocean_fish"
        },
        {
          "type": "minecraft:loot_table",
          "conditions": [
            {
              "condition": "minecraft:location_check",
              "predicate": {
                "biome": "minecraft:frozen_ocean"
              }
            }
          ],
          "name": "bigfishmod:gameplay/fishing/cold_ocean_fish"
        },
        {
          "type": "minecraft:loot_table",
          "conditions": [
            {
              "condition": "minecraft:location_check",
              "predicate": {
                "biome": "minecraft:deep_ocean"
              }
            }
          ],
          "name": "bigfishmod:gameplay/fishing/deep_ocean_fish"
        },
        {
          "type": "minecraft:loot_table",
          "conditions": [
            {
              "condition": "minecraft:location_check",
              "predicate": {
                "biome": "minecraft:deep_cold_ocean"
              }
            }
          ],
          "name": "bigfishmod:gameplay/fishing/deep_ocean_fish"
        },
        {
          "type": "minecraft:loot_table",
          "conditions": [
            {
              "condition": "minecraft:location_check",
              "predicate": {
                "biome": "minecraft:swamp"
              }
            }
          ],
          "name": "bigfishmod:gameplay/fishing/swamp_fish"
        },
        {
          "type": "minecraft:loot_table",
          "conditions": [
            {
              "condition": "minecraft:location_check",
              "predicate": {
                "biome": "minecraft:mangrove_swamp"
              }
            }
          ],
          "name": "bigfishmod:gameplay/fishing/swamp_fish"
        },
        {
          "type": "minecraft:loot_table",
          "conditions": [
            {
              "condition": "minecraft:location_check",
              "predicate": {
                "biome": "minecraft:jungle"
              }
            }
          ],
          "name": "bigfishmod:gameplay/fishing/jungle_fish"
        },
        {
          "type": "minecraft:loot_table",
          "conditions": [
            {
              "condition": "minecraft:location_check",
              "predicate": {
                "biome": "minecraft:sparse_jungle"
              }
            }
          ],
          "name": "bigfishmod:gameplay/fishing/jungle_fish"
        },
        {
          "type": "minecraft:loot_table",
          "conditions": [
            {
              "condition": "minecraft:location_check",
              "predicate": {
                "biome": "minecraft:bamboo_jungle"
              }
            }
          ],
          "name": "bigfishmod:gameplay/fishing/jungle_fish"
        }
      ],
      "rolls": 1.0
    }
  ],
  "random_sequence": "bigfishmod:gameplay/fishing/mod_fish"
}