{
  "type": "minecraft:fishing",
  "pools": [
    {
      "bonus_rolls": 0.0,
      "entries": [
        {
          "type": "minecraft:item",
          "functions": [
            {
              "function": "minecraft:set_nbt",
              "tag": "{Attributes:{LuckBase:4.0f,LuckGrowth:0.5492226f,PerceptionBase:9.0f,PerceptionGrowth:0.29971114f,StamBase:7.0f,StamGrowth:0.21964756f,StrBase:11.0f,StrGrowth:0.29154646f,WeightBase:1.8390213f,WeightGrowth:0.3573067f},FishLevel:3,FishMaxLevel:27,FishScale:0.25f,MaxLevelCapBackup:27,MaxLevelCapSet:1b}"
            }
          ],
          "name": "bigfishmod:sardine",
          "weight": 50
        },
        {
          "type": "minecraft:item",
          "functions": [
            {
              "function": "minecraft:set_nbt",
              "tag": "{Attributes:{LuckBase:3.0f,LuckGrowth:0.2685811f,PerceptionBase:7.0f,PerceptionGrowth:0.49489522f,StamBase:13.0f,StamGrowth:0.35493982f,StrBase:15.0f,StrGrowth:0.39178532f,WeightBase:1.7122426f,WeightGrowth:0.2161743f},FishLevel:6,FishMaxLevel:20,FishScale:0.5f,MaxLevelCapBackup:20,MaxLevelCapSet:1b}"
            }
          ],
          "name": "bigfishmod:haddock",
          "weight": 35
        },
        {
          "type": "minecraft:item",
          "functions": [
            {
              "function": "minecraft:set_nbt",
              "tag": "{Attributes:{LuckBase:13.0f,LuckGrowth:0.40075293f,PerceptionBase:6.0f,PerceptionGrowth:0.4808982f,StamBase:12.0f,StamGrowth:0.40105164f,StrBase:12.0f,StrGrowth:0.26837024f,WeightBase:0.9108964f,WeightGrowth:0.2752934f},FishLevel:30,FishMaxLevel:38,FishScale:1.75f,MaxLevelCapBackup:38,MaxLevelCapSet:1b}"
            }
          ],
          "name": "bigfishmod:sailfish",
          "weight": 8
        },
        {
          "type": "minecraft:item",
          "functions": [
            {
              "function": "minecraft:set_nbt",
              "tag": "{Attributes:{LuckBase:9.0f,LuckGrowth:0.21975833f,PerceptionBase:4.0f,PerceptionGrowth:0.2559548f,StamBase:6.0f,StamGrowth:0.16373987f,StrBase:8.0f,StrGrowth:0.3837983f,WeightBase:1.8757585f,WeightGrowth:0.27964485f},FishLevel:27,FishMaxLevel:43,FishScale:1.5f,MaxLevelCapBackup:43,MaxLevelCapSet:1b}"
            }
          ],
          "name": "bigfishmod:atlantic_bluefin_tuna",
          "weight": 5
        }
      ],
      "rolls": 1.0
    }
  ],
  "random_sequence": "bigfishmod:gameplay/fishing/ocean_fish"
}