{
  "type": "minecraft:fishing",
  "pools": [
    {
      "bonus_rolls": 0.0,
      "entries": [
        {
          "type": "minecraft:item",
          "functions": [
            {
              "function": "minecraft:set_nbt",
              "tag": "{Attributes:{LuckBase:5.0f,LuckGrowth:0.14728785f,PerceptionBase:13.0f,PerceptionGrowth:0.30137497f,StamBase:13.0f,StamGrowth:0.31502426f,StrBase:12.0f,StrGrowth:0.32279474f,WeightBase:0.6602601f,WeightGrowth:0.3202178f},FishLevel:4,FishMaxLevel:21,FishScale:0.25f,MaxLevelCapBackup:21,MaxLevelCapSet:1b}"
            }
          ],
          "name": "bigfishmod:loach",
          "weight": 40
        },
        {
          "type": "minecraft:item",
          "functions": [
            {
              "function": "minecraft:set_nbt",
              "tag": "{Attributes:{LuckBase:11.0f,LuckGrowth:0.3400486f,PerceptionBase:5.0f,PerceptionGrowth:0.31762862f,StamBase:7.0f,StamGrowth:0.41823736f,StrBase:14.0f,StrGrowth:0.2711181f,WeightBase:1.4172204f,WeightGrowth:0.11829006f},FishLevel:3,FishMaxLevel:16,FishScale:0.25f,MaxLevelCapBackup:16,MaxLevelCapSet:1b}"
            }
          ],
          "name": "bigfishmod:minnow",
          "weight": 45
        },
        {
          "type": "minecraft:item",
          "functions": [
            {
              "function": "minecraft:set_nbt",
              "tag": "{Attributes:{LuckBase:5.0f,LuckGrowth:0.4690596f,PerceptionBase:6.0f,PerceptionGrowth:0.26418358f,StamBase:9.0f,StamGrowth:0.44387844f,StrBase:8.0f,StrGrowth:0.59522563f,WeightBase:0.97281086f,WeightGrowth:0.1322113f},FishLevel:12,FishMaxLevel:29,FishScale:0.75f,MaxLevelCapBackup:29,MaxLevelCapSet:1b}"
            }
          ],
          "name": "bigfishmod:grass_carp",
          "weight": 25
        },
        {
          "type": "minecraft:item",
          "functions": [
            {
              "function": "minecraft:set_nbt",
              "tag": "{Attributes:{LuckBase:9.0f,LuckGrowth:0.38160196f,PerceptionBase:7.0f,PerceptionGrowth:0.5600101f,StamBase:6.0f,StamGrowth:0.18008511f,StrBase:15.0f,StrGrowth:0.3178025f,WeightBase:1.6529773f,WeightGrowth:0.19164598f},FishLevel:24,FishMaxLevel:39,FishScale:1.25f,MaxLevelCapBackup:39,MaxLevelCapSet:1b}"
            }
          ],
          "name": "bigfishmod:northern_pike",
          "weight": 15
        },
        {
          "type": "minecraft:item",
          "functions": [
            {
              "function": "minecraft:set_nbt",
              "tag": "{Attributes:{LuckBase:6.0f,LuckGrowth:0.13439557f,PerceptionBase:9.0f,PerceptionGrowth:0.544631f,StamBase:7.0f,StamGrowth:0.36076206f,StrBase:10.0f,StrGrowth:0.230419f,WeightBase:2.4910178f,WeightGrowth:0.17878282f},FishLevel:41,FishMaxLevel:44,FishScale:2.5f,MaxLevelCapBackup:44,MaxLevelCapSet:1b}"
            }
          ],
          "name": "bigfishmod:beluga_sturgeon",
          "weight": 2
        }
      ],
      "rolls": 1.0
    }
  ],
  "random_sequence": "bigfishmod:gameplay/fishing/river_fish"
}