{
  "type": "minecraft:fishing",
  "pools": [
    {
      "bonus_rolls": 0.0,
      "entries": [
        {
          "type": "minecraft:item",
          "functions": [
            {
              "function": "minecraft:set_nbt",
              "tag": "{Attributes:{LuckBase:11.0f,LuckGrowth:0.21136245f,PerceptionBase:13.0f,PerceptionGrowth:0.51134336f,StamBase:6.0f,StamGrowth:0.343809f,StrBase:12.0f,StrGrowth:0.52485377f,WeightBase:1.0586739f,WeightGrowth:0.25449497f},FishLevel:7,FishMaxLevel:17,FishScale:0.5f,MaxLevelCapBackup:17,MaxLevelCapSet:1b}"
            }
          ],
          "name": "bigfishmod:plecostomus",
          "weight": 35
        },
        {
          "type": "minecraft:item",
          "functions": [
            {
              "function": "minecraft:set_nbt",
              "tag": "{Attributes:{LuckBase:11.0f,LuckGrowth:0.19358534f,PerceptionBase:10.0f,PerceptionGrowth:0.33987176f,StamBase:9.0f,StamGrowth:0.26252148f,StrBase:15.0f,StrGrowth:0.5083247f,WeightBase:1.9018899f,WeightGrowth:0.12021642f},FishLevel:8,FishMaxLevel:20,FishScale:0.5f,MaxLevelCapBackup:20,MaxLevelCapSet:1b}"
            }
          ],
          "name": "bigfishmod:tilapia",
          "weight": 40
        },
        {
          "type": "minecraft:item",
          "functions": [
            {
              "function": "minecraft:set_nbt",
              "tag": "{Attributes:{LuckBase:3.0f,LuckGrowth:0.4571564f,PerceptionBase:6.0f,PerceptionGrowth:0.43831837f,StamBase:9.0f,StamGrowth:0.40031943f,StrBase:15.0f,StrGrowth:0.2565088f,WeightBase:0.5130484f,WeightGrowth:0.116306834f},FishLevel:17,FishMaxLevel:40,FishScale:1.0f,MaxLevelCapBackup:40,MaxLevelCapSet:1b}"
            }
          ],
          "name": "bigfishmod:nile_perch",
          "weight": 12
        }
      ],
      "rolls": 1.0
    }
  ],
  "random_sequence": "bigfishmod:gameplay/fishing/swamp_fish"
}