{
  "type": "minecraft:fishing",
  "pools": [
    {
      "bonus_rolls": 0.0,
      "entries": [
        {
          "type": "minecraft:item",
          "name": "minecraft:name_tag",
          "weight": 16
        },
        {
          "type": "minecraft:item",
          "name": "minecraft:saddle",
          "weight": 16
        },
        {
          "type": "minecraft:item",
          "name": "minecraft:bow",
          "weight": 16
        },
        {
          "type": "minecraft:item",
          "name": "minecraft:fishing_rod",
          "weight": 16
        },
        {
          "type": "minecraft:item",
          "name": "minecraft:book",
          "weight": 5
        },
        {
          "type": "minecraft:item",
          "name": "minecraft:nautilus_shell",
          "weight": 16
        }
      ],
      "rolls": 1.0
    }
  ],
  "random_sequence": "bigfishmod:gameplay/fishing/treasure"
}