{
  "parent": "minecraft:recipes/root",
  "criteria": {
    "has_sharp_fish_tooth": {
      "conditions": {
        "items": [
          {
            "items": [
              "bigfishmod:sharp_fish_tooth"
            ]
          }
        ]
      },
      "trigger": "minecraft:inventory_changed"
    },
    "has_the_recipe": {
      "conditions": {
        "recipe": "bigfishmod:arrow_from_fish_tooth"
      },
      "trigger": "minecraft:recipe_unlocked"
    }
  },
  "requirements": [
    [
      "has_sharp_fish_tooth",
      "has_the_recipe"
    ]
  ],
  "rewards": {
    "recipes": [
      "bigfishmod:arrow_from_fish_tooth"
    ]
  },
  "sends_telemetry_event": false
}