{
  "parent": "minecraft:item/generated",
  "display": {
    "firstperson_lefthand": {
      "rotation": [
        0,
        90,
        0
      ]
    },
    "firstperson_righthand": {
      "rotation": [
        0,
        90,
        0
      ],
      "translation": [
        1,
        3,
        1
      ]
    },
    "thirdperson_lefthand": {
      "rotation": [
        0,
        90,
        0
      ]
    },
    "thirdperson_righthand": {
      "rotation": [
        0,
        90,
        0
      ]
    }
  },
  "textures": {
    "layer0": "bigfishmod:item/diamond_fishing_rod"
  }
}