{
  "parent": "minecraft:recipes/root",
  "criteria": {
    "has_terracotta": {
      "conditions": {
        "items": [
          {
            "items": [
              "minecraft:terracotta"
            ]
          }
        ]
      },
      "trigger": "minecraft:inventory_changed"
    },
    "has_the_recipe": {
      "conditions": {
        "recipe": "bigfishmod:fish_stand_terracotta"
      },
      "trigger": "minecraft:recipe_unlocked"
    }
  },
  "requirements": [
    [
      "has_terracotta",
      "has_the_recipe"
    ]
  ],
  "rewards": {
    "recipes": [
      "bigfishmod:fish_stand_terracotta"
    ]
  },
  "sends_telemetry_event": false
}