{
  "multipart": [
    {
      "apply": {
        "model": "bigfishmod:block/corn_bottom_stage0"
      },
      "when": {
        "age": "0",
        "top": "false"
      }
    },
    {
      "apply": {
        "model": "bigfishmod:block/corn_bottom_stage1"
      },
      "when": {
        "age": "1",
        "top": "false"
      }
    },
    {
      "apply": {
        "model": "bigfishmod:block/corn_bottom_stage2"
      },
      "when": {
        "age": "2",
        "top": "false"
      }
    },
    {
      "apply": {
        "model": "bigfishmod:block/corn_bottom_stage3"
      },
      "when": {
        "age": "3",
        "top": "false"
      }
    },
    {
      "apply": {
        "model": "bigfishmod:block/corn_bottom_stage4"
      },
      "when": {
        "age": "4",
        "top": "false"
      }
    },
    {
      "apply": {
        "model": "bigfishmod:block/corn_bottom_stage5"
      },
      "when": {
        "age": "5",
        "top": "false"
      }
    },
    {
      "apply": {
        "model": "bigfishmod:block/corn_bottom_stage6"
      },
      "when": {
        "age": "6",
        "top": "false"
      }
    },
    {
      "apply": {
        "model": "bigfishmod:block/corn_top_stage4"
      },
      "when": {
        "age": "4",
        "top": "true"
      }
    },
    {
      "apply": {
        "model": "bigfishmod:block/corn_top_stage5"
      },
      "when": {
        "age": "5",
        "top": "true"
      }
    },
    {
      "apply": {
        "model": "bigfishmod:block/corn_top_stage6"
      },
      "when": {
        "age": "6",
        "top": "true"
      }
    }
  ]
}